[{"@type":"drsTask","id":"@1","name":"rt_Demo_SF_SQLSrv","description":"Accounts info from Salesforce to SQL Server","autoExpireObject":false,"maxLogs":10,"sourceConnectionId":"@6yAIcpvNmCYfu7Af2Oopqf","targetConnectionId":"@8UMGeSqK4kjk2swhcPTzU4","tablePrefix":"SF_Trg_","verbose":false,"fullRefresh":false,"replicateAllObjects":false,"removeDeleted":true,"queryAll":false,"srcShowLabels":true,"maxRows":0,"stopOnError":true,"replicationObjects":["Account"],"excludedReplicationObjects":[],"majorUpdateTime":1748631657000,"metadataMode":0,"bulkApi":false,"base64BodySize":0.0,"bulkApiDBTarget":false,"fieldExclusions":[],"filters":[],"advancedFilters":[],"srcRuntimeAttrs":{"@type":"taskRuntimeAttrs","attrs":{"Maximum Rows Per Request":"0","PK Chunking size":"100000","Enable PK Chunking":"0","PK Chunking startRow ID":""}}}]