[{"@type":"mappingTemplate","id":"@1","name":"Mapping14","description":"","autoExpireObject":false,"bundleVersion":"0","assetFrsGuid":"8pKLmR4cwPOivopBvUBT8Z","templateId":"@3","hasParameters":false,"valid":false,"fixedConnection":true,"hasParametersDeployed":false,"fixedConnectionDeployed":false,"isSchemaValidationEnabled":false,"tasks":0,"mappingPreviewFileRecordId":"@2","documentType":"MAPPING","allowMaxFieldLength":false,"specialCharacterSupport":false,"references":[{"@type":"reference","refObjectId":"@aPCkpndCsORe7V5RuvKxWG","refType":"connection"}]}]