[{"@type":"mappingTemplate","id":"@1","name":"Mapping19","description":"","autoExpireObject":false,"bundleVersion":"0","assetFrsGuid":"44dTCdQIg2CelmkA7VHccB","templateId":"@3","deployTime":1749585907000,"hasParameters":false,"valid":true,"fixedConnection":true,"hasParametersDeployed":false,"fixedConnectionDeployed":true,"isSchemaValidationEnabled":false,"tasks":0,"mappingPreviewFileRecordId":"@2","documentType":"MAPPING","allowMaxFieldLength":false,"specialCharacterSupport":false,"references":[{"@type":"reference","refObjectId":"@aPCkpndCsORe7V5RuvKxWG","refType":"connection"},{"@type":"reference","refObjectId":"@8UMGeSqK4kjk2swhcPTzU4","refType":"connection"}]}]