[{"@type":"drsTask","id":"@1","name":"rep_tsk_demo","autoExpireObject":false,"maxLogs":10,"sourceConnectionId":"@8UMGeSqK4kjk2swhcPTzU4","targetConnectionId":"@8UMGeSqK4kjk2swhcPTzU4","tablePrefix":"BKP_","verbose":false,"fullRefresh":true,"replicateAllObjects":false,"removeDeleted":true,"queryAll":false,"srcShowLabels":false,"maxRows":0,"stopOnError":true,"replicationObjects":["Car_Models"],"excludedReplicationObjects":[],"majorUpdateTime":1748273265000,"metadataMode":0,"bulkApi":false,"base64BodySize":0.0,"bulkApiDBTarget":false,"fieldExclusions":[],"filters":[],"advancedFilters":[],"srcRuntimeAttrs":{"@type":"taskRuntimeAttrs","attrs":{}}}]