[{"@type":"mappingTemplate","id":"@1","name":"Mapping22","description":"Commit-2","autoExpireObject":false,"bundleVersion":"0","assetFrsGuid":"k29DNEuFFyijkT41xWapAN","templateId":"@3","deployTime":1766780148000,"hasParameters":false,"valid":true,"fixedConnection":true,"hasParametersDeployed":false,"fixedConnectionDeployed":true,"isSchemaValidationEnabled":false,"tasks":0,"mappingPreviewFileRecordId":"@2","documentType":"MAPPING","allowMaxFieldLength":false,"specialCharacterSupport":false,"references":[{"@type":"reference","refObjectId":"@5A2FNyYF1yNhKGLibKnps5","refType":"connection"}]}]