[{"@type":"mappingTemplate","id":"@1","name":"ParamTesting","description":"","autoExpireObject":false,"bundleVersion":"0","assetFrsGuid":"iG8VDDPF5cojkaVUpzLdGM","templateId":"@3","deployTime":1751898768000,"hasParameters":false,"valid":true,"fixedConnection":true,"hasParametersDeployed":false,"fixedConnectionDeployed":true,"isSchemaValidationEnabled":false,"tasks":3,"mappingPreviewFileRecordId":"@2","documentType":"MAPPING","allowMaxFieldLength":false,"specialCharacterSupport":false,"references":[{"@type":"reference","refObjectId":"@aPCkpndCsORe7V5RuvKxWG","refType":"connection"},{"@type":"reference","refObjectId":"@9F8mgx3WNy1iWwCQWVBOSW","refType":"connection"}]}]