[{"@type":"mappingTemplate","id":"@1","name":"Mapping21","description":"","autoExpireObject":false,"bundleVersion":"0","assetFrsGuid":"8JmS4F4divklWTnxhY65Kv","templateId":"@3","deployTime":1750966307000,"hasParameters":false,"valid":true,"fixedConnection":true,"hasParametersDeployed":false,"fixedConnectionDeployed":true,"isSchemaValidationEnabled":false,"tasks":0,"mappingPreviewFileRecordId":"@2","documentType":"MAPPING","allowMaxFieldLength":false,"specialCharacterSupport":false,"references":[{"@type":"reference","refObjectId":"@8Fj09pELEsplURfDu9vgoO","refType":"connection"},{"@type":"reference","refObjectId":"@aPCkpndCsORe7V5RuvKxWG","refType":"connection"}]}]