[{"@type":"mappingTemplate","id":"@1","name":"QueryVersionTesting","description":"","autoExpireObject":false,"bundleVersion":"0","assetFrsGuid":"bsON16F4wAIhP0AmZwisQO","templateId":"@3","hasParameters":false,"valid":false,"fixedConnection":true,"hasParametersDeployed":false,"fixedConnectionDeployed":false,"isSchemaValidationEnabled":false,"tasks":0,"mappingPreviewFileRecordId":"@2","documentType":"MAPPING","allowMaxFieldLength":false,"specialCharacterSupport":false,"references":[{"@type":"reference","refObjectId":"@aPCkpndCsORe7V5RuvKxWG","refType":"connection"},{"@type":"reference","refObjectId":"@8UMGeSqK4kjk2swhcPTzU4","refType":"connection"}]}]