[{"@type":"mappingTemplate","id":"@1","name":"RankTransformation","description":"","autoExpireObject":false,"bundleVersion":"0","assetFrsGuid":"2NHTFaVvvAVjogTijmx8Sq","templateId":"@3","deployTime":1749247244000,"hasParameters":false,"valid":true,"fixedConnection":true,"hasParametersDeployed":false,"fixedConnectionDeployed":true,"isSchemaValidationEnabled":false,"tasks":0,"mappingPreviewFileRecordId":"@2","documentType":"MAPPING","allowMaxFieldLength":false,"specialCharacterSupport":false,"references":[{"@type":"reference","refObjectId":"@8UMGeSqK4kjk2swhcPTzU4","refType":"connection"}]}]