[{"@type":"mappingTemplate","id":"@1","name":"Normalizer_Transformation","description":"","autoExpireObject":false,"bundleVersion":"0","assetFrsGuid":"lTAZIALCC4je4Yj6phA2gV","templateId":"@3","deployTime":1749504879000,"hasParameters":false,"valid":true,"fixedConnection":true,"hasParametersDeployed":false,"fixedConnectionDeployed":true,"isSchemaValidationEnabled":false,"tasks":0,"mappingPreviewFileRecordId":"@2","documentType":"MAPPING","allowMaxFieldLength":false,"specialCharacterSupport":false,"references":[{"@type":"reference","refObjectId":"@aPCkpndCsORe7V5RuvKxWG","refType":"connection"}]}]