[{"@type":"mappingTemplate","id":"@1","name":"Mapping20","description":"","autoExpireObject":false,"bundleVersion":"0","assetFrsGuid":"gYd7GeLBs8Vdnv9sybJj2a","templateId":"@3","deployTime":1750891476000,"hasParameters":false,"valid":true,"fixedConnection":true,"hasParametersDeployed":false,"fixedConnectionDeployed":true,"isSchemaValidationEnabled":false,"tasks":1,"mappingPreviewFileRecordId":"@2","documentType":"MAPPING","allowMaxFieldLength":false,"specialCharacterSupport":false,"references":[{"@type":"reference","refObjectId":"@5A2FNyYF1yNhKGLibKnps5","refType":"connection"}]}]