[{"@type":"mappingTemplate","id":"@1","name":"SHA256Mapping","description":"","autoExpireObject":false,"bundleVersion":"0","assetFrsGuid":"98RY85jUWjZf57V8f9H9kO","templateId":"@3","deployTime":1750188555000,"hasParameters":false,"valid":true,"fixedConnection":true,"hasParametersDeployed":false,"fixedConnectionDeployed":true,"isSchemaValidationEnabled":false,"tasks":1,"mappingPreviewFileRecordId":"@2","documentType":"MAPPING","allowMaxFieldLength":false,"specialCharacterSupport":false,"references":[{"@type":"reference","refObjectId":"@aPCkpndCsORe7V5RuvKxWG","refType":"connection"}]}]