[{"@type":"mappingTemplate","id":"@1","name":"SHA256MappingJAVA","description":"","autoExpireObject":false,"bundleVersion":"0","assetFrsGuid":"1mTOP1TqyhmewvoZk6DQ6m","templateId":"@3","deployTime":1750189849000,"hasParameters":false,"valid":true,"fixedConnection":true,"hasParametersDeployed":false,"fixedConnectionDeployed":true,"isSchemaValidationEnabled":false,"tasks":1,"mappingPreviewFileRecordId":"@2","documentType":"MAPPING","allowMaxFieldLength":false,"specialCharacterSupport":false,"references":[{"@type":"reference","refObjectId":"@aPCkpndCsORe7V5RuvKxWG","refType":"connection"}]}]