[{"@type":"mappingTemplate","id":"@1","name":"AggregatorTransformation","description":"","autoExpireObject":false,"bundleVersion":"0","assetFrsGuid":"3Nuqvc7pImkcsBo8ZvpMqa","templateId":"@3","deployTime":1749764337000,"hasParameters":false,"valid":true,"fixedConnection":true,"hasParametersDeployed":false,"fixedConnectionDeployed":true,"isSchemaValidationEnabled":false,"tasks":0,"mappingPreviewFileRecordId":"@2","documentType":"MAPPING","allowMaxFieldLength":false,"specialCharacterSupport":false,"references":[{"@type":"reference","refObjectId":"@8UMGeSqK4kjk2swhcPTzU4","refType":"connection"}]}]