[{"@type":"dssTask","id":"@1","name":"syn_CarModels","description":"","autoExpireObject":false,"maxLogs":10,"sourceConnectionId":"@8UMGeSqK4kjk2swhcPTzU4","targetConnectionId":"@8UMGeSqK4kjk2swhcPTzU4","targetObject":"Car_Models","targetObjectLabel":"Car_Models","operation":"Insert","maxRows":0,"truncateTarget":true,"bulkApiDBTarget":false,"verbose":false,"targetMetadataUpdated":false,"modelVersion":"V3-R600","queryAll":false,"srcSettings":{"@type":"taskDataSourceSetting","isShowLabels":false,"isNaturalOrder":true},"tgtSettings":{"@type":"taskDataSourceSetting","isShowLabels":false,"isNaturalOrder":true},"cfSettings":{"@type":"taskDataSourceSetting","isShowLabels":false,"isNaturalOrder":false},"bulkApi":false,"bulkApiSerialMode":false,"bulkApiMonitor":false,"isTargetObjectSfCustom":false,"allowNullUpdates":false,"targetBatchSize":200,"assignmentRuleId":"-1","assignmentRuleType":"None","createSuccessFile":false,"bulkApiHardDelete":false,"srcRuntimeAttrs":{"@type":"taskRuntimeAttrs","attrs":{}},"tgtRuntimeAttrs":{"@type":"taskRuntimeAttrs","attrs":{}},"parameterFileEncoding":"UTF-8","serverlessProperties":{},"sourceObjects":[{"@type":"mObject","name":"Car_Models","label":"Car_Models","metadataUpdated":false,"relations":[],"children":[]}],"advancedFilters":[],"filters":[],"fieldMaps":[{"@type":"fieldMap","id":"24017764","targetField":{"@type":"field","id":124762715,"name":"Model_Company","type":"varchar","uniqueName":"Model_Company","label":"Model_Company","parentObject":"Car_Models","pcType":"STRING","precision":20,"scale":0,"columnIndex":0,"isKey":false,"isWaterMarkKey":false,"isExternalId":false,"isSfIdLookup":false,"isNullable":true,"isUnique":false,"isCreateable":false,"isUpdateable":true,"isFilterable":true,"isCalculated":false,"filterType":"STRING","showLabel":false,"naturalOrder":0,"typeConfigFields":[],"typeConfigProperties":{},"linkedFields":["Model_Company"],"relatedInfos":[],"references":[]},"expression":" Upper(Model_Company) "},{"@type":"fieldMap","id":"24017765","targetField":{"@type":"field","id":124762716,"name":"Model_name","type":"varchar","uniqueName":"Model_name","label":"Model_name","parentObject":"Car_Models","pcType":"STRING","precision":20,"scale":0,"columnIndex":1,"isKey":false,"isWaterMarkKey":false,"isExternalId":false,"isSfIdLookup":false,"isNullable":true,"isUnique":false,"isCreateable":false,"isUpdateable":true,"isFilterable":true,"isCalculated":false,"filterType":"STRING","showLabel":false,"naturalOrder":1,"typeConfigFields":[],"typeConfigProperties":{},"linkedFields":["Model_name"],"relatedInfos":[],"references":[]},"expression":"Model_name"},{"@type":"fieldMap","id":"24017766","targetField":{"@type":"field","id":124762717,"name":"Make_Year","type":"varchar","uniqueName":"Make_Year","label":"Make_Year","parentObject":"Car_Models","pcType":"STRING","precision":20,"scale":0,"columnIndex":2,"isKey":false,"isWaterMarkKey":false,"isExternalId":false,"isSfIdLookup":false,"isNullable":true,"isUnique":false,"isCreateable":false,"isUpdateable":true,"isFilterable":true,"isCalculated":false,"filterType":"STRING","showLabel":false,"naturalOrder":2,"typeConfigFields":[],"typeConfigProperties":{},"linkedFields":["Make_Year"],"relatedInfos":[],"references":[]},"expression":"Make_Year"},{"@type":"fieldMap","id":"24017767","targetField":{"@type":"field","id":124762718,"name":"Color","type":"varchar","uniqueName":"Color","label":"Color","parentObject":"Car_Models","pcType":"STRING","precision":20,"scale":0,"columnIndex":3,"isKey":false,"isWaterMarkKey":false,"isExternalId":false,"isSfIdLookup":false,"isNullable":true,"isUnique":false,"isCreateable":false,"isUpdateable":true,"isFilterable":true,"isCalculated":false,"filterType":"STRING","showLabel":false,"naturalOrder":3,"typeConfigFields":[],"typeConfigProperties":{},"linkedFields":["Color"],"relatedInfos":[],"references":[]},"expression":"Color"}],"sourceFields":[{"@type":"field","id":124762719,"name":"Model_Company","type":"varchar","uniqueName":"Model_Company","label":"Model_Company","parentObject":"Car_Models","pcType":"STRING","precision":20,"scale":0,"columnIndex":0,"isKey":false,"isWaterMarkKey":false,"isExternalId":false,"isSfIdLookup":false,"isNullable":true,"isUnique":false,"isCreateable":false,"isUpdateable":true,"isFilterable":true,"isCalculated":false,"filterType":"STRING","showLabel":false,"naturalOrder":0,"typeConfigFields":[],"typeConfigProperties":{},"linkedFields":["Model_Company"],"relatedInfos":[],"references":[]},{"@type":"field","id":124762720,"name":"Model_name","type":"varchar","uniqueName":"Model_name","label":"Model_name","parentObject":"Car_Models","pcType":"STRING","precision":20,"scale":0,"columnIndex":1,"isKey":false,"isWaterMarkKey":false,"isExternalId":false,"isSfIdLookup":false,"isNullable":true,"isUnique":false,"isCreateable":false,"isUpdateable":true,"isFilterable":true,"isCalculated":false,"filterType":"STRING","showLabel":false,"naturalOrder":1,"typeConfigFields":[],"typeConfigProperties":{},"linkedFields":["Model_name"],"relatedInfos":[],"references":[]},{"@type":"field","id":124762721,"name":"Make_Year","type":"varchar","uniqueName":"Make_Year","label":"Make_Year","parentObject":"Car_Models","pcType":"STRING","precision":20,"scale":0,"columnIndex":2,"isKey":false,"isWaterMarkKey":false,"isExternalId":false,"isSfIdLookup":false,"isNullable":true,"isUnique":false,"isCreateable":false,"isUpdateable":true,"isFilterable":true,"isCalculated":false,"filterType":"STRING","showLabel":false,"naturalOrder":2,"typeConfigFields":[],"typeConfigProperties":{},"linkedFields":["Make_Year"],"relatedInfos":[],"references":[]},{"@type":"field","id":124762722,"name":"Color","type":"varchar","uniqueName":"Color","label":"Color","parentObject":"Car_Models","pcType":"STRING","precision":20,"scale":0,"columnIndex":3,"isKey":false,"isWaterMarkKey":false,"isExternalId":false,"isSfIdLookup":false,"isNullable":true,"isUnique":false,"isCreateable":false,"isUpdateable":true,"isFilterable":true,"isCalculated":false,"filterType":"STRING","showLabel":false,"naturalOrder":3,"typeConfigFields":[],"typeConfigProperties":{},"linkedFields":["Color"],"relatedInfos":[],"references":[]}],"sortFields":[],"groupFields":[]}]