[{"@type":"mappingTemplate","id":"@1","name":"Sequence_Transformation","description":"","autoExpireObject":false,"bundleVersion":"0","assetFrsGuid":"eLodD3UPVYricrk8STqQQR","templateId":"@3","deployTime":1752700041000,"hasParameters":false,"valid":true,"fixedConnection":true,"hasParametersDeployed":false,"fixedConnectionDeployed":true,"isSchemaValidationEnabled":false,"tasks":0,"mappingPreviewFileRecordId":"@2","documentType":"MAPPING","allowMaxFieldLength":false,"specialCharacterSupport":false,"references":[{"@type":"reference","refObjectId":"@aPCkpndCsORe7V5RuvKxWG","refType":"connection"}]}]