[{"@type":"mappingTemplate","id":"@1","name":"m_Samsara_TMW_Vehicle_PSA","description":"","autoExpireObject":false,"bundleVersion":"0","assetFrsGuid":"0V5zkha0yS4hLBsx8U8d29","templateId":"@3","deployTime":1749161794000,"hasParameters":false,"valid":true,"fixedConnection":true,"hasParametersDeployed":false,"fixedConnectionDeployed":true,"isSchemaValidationEnabled":false,"tasks":4,"mappingPreviewFileRecordId":"@2","documentType":"MAPPING","allowMaxFieldLength":false,"specialCharacterSupport":false,"references":[{"@type":"reference","refObjectId":"@5khwyexJX7Cj2UghwAqcKa","refType":"connection"}]}]