[{"@type":"mtTask","id":"@1","name":"MappingTask-update","autoExpireObject":false,"runtimeEnvironmentId":"@7UmOVLFercZiaIArpaUSWJ","maxLogs":10,"verbose":false,"mappingId":"@0V5zkha0yS4hLBsx8U8d29","frsGuid":"0OWKrJKQtRGg8EZGUjwWEm","sessionPropertiesList":[],"hidden":false,"enableCrossSchemaPushdown":false,"enableParallelRun":false,"autoTunedApplied":false,"autoTunedAppliedType":"NONE","schemaMode":"async","valid":true,"schemaValidationErrorCount":-1,"serverlessProperties":{},"taskProperties":[{"@type":"taskProperty","name":"parameterFileDir","currentValue":"","type":"STRING","label":"label.parameterFileDir","required":false},{"@type":"taskProperty","name":"parameterFileName","currentValue":"","type":"STRING","label":"label.parameterFileName","required":false},{"@type":"taskProperty","name":"outboundMessageUrlQueueTime","currentValue":"","type":"NUMBER","label":"label.outboundMessageUrlQueueTime","required":false},{"@type":"taskProperty","name":"outboundMessageUrlToken","currentValue":"","type":"STRING","label":"label.outboundMessageUrlToken","required":false}],"optimizationPlan":"NONE","isMidstreamPreview":false,"allowMaxFieldLength":false,"specialCharacterSupport":false,"useUserDefinedOrder":false,"parameters":[{"@type":"mtTaskParameter","id":30206072,"name":"$src_VehicleData$","type":"SOURCE","label":"src_VehicleData","uiProperties":{"connectionParameterized":"false","isSelectDistinct":"false","objectParameterized":"false","visible":"false","flags":"SUPPORTS_MULTI_SCHEMA","originalPath":"src_VehicleData"},"sourceConnectionId":"@5khwyexJX7Cj2UghwAqcKa","sourceObject":"DUMMY_src_VehicleData","newFlatFile":false,"newObject":false,"showBusinessNames":false,"naturalOrder":true,"truncateTarget":false,"bulkApiDBTarget":false,"customFuncCfg":{"@type":"customFuncConfig","id":-1,"connections":[],"inputMap":[],"outputFields":[]},"targetRefsV2":{},"targetUpdateColumns":[],"fieldOrderList":[],"runtimeAttrs":{},"isRESTModernSource":true,"customQuery":"With Vehicle_STG AS\n(select distinct \nA.name,A.id,A.serial,A.vin,A.make,A.model,A.licensePlate\nfrom \n[IntegrationsDEV].[dbo].[Samsara_Vehicles_Data_STG] A\nwhere A.name like '%JEFFTRK%'),\nVehicle_Tag_STG AS\n(select distinct \nA.name,D.id as Tag_ID,D.name as Tag_Name\nfrom \n[IntegrationsDEV].[dbo].[Samsara_Vehicles_Data_STG] A\nleft join [IntegrationsDEV].[dbo].[Samsara_Vehicles_Attributes_STG] B on A.Base_Seq=B.Base_Seq and A.PK_data=B.[FK_data]\nleft join [IntegrationsDEV].[dbo].[Samsara_Vehicles_StringValues_STG] C on A.Base_Seq=C.Base_Seq and C.FK_attributes=B.PK_attributes\nleft join [IntegrationsDEV].[dbo].[Samsara_Vehicles_Tags_STG] D on A.Base_Seq=D.Base_Seq and D.FK_data=A.PK_data),\nTag_STG AS\n(SELECT distinct \n       [id] as Tag_ID\n      ,[name] as Tag_name\n  FROM [IntegrationsDEV].[dbo].[Samsara_Tags_Data_STG])\nSELECT A.REC_ID\n      ,A.TMW_Name\n      ,A.TMW_LicensePlate\n      ,A.TMW_TagId_Name\n      ,Tag_STG.Tag_ID as TMW_TagId_lkp\n\t  ,Cast(Case when COALESCE(A.TMW_TagId_Name,'~')=COALESCE(B.licensePlate,'~') And COALESCE(A.TMW_TagId_Name,'~')=COALESCE(C.Tag_Name,'~') Then 'No Change'\n\t        Else 'Update' End as varchar(4000)) as Update_Flag\n\t  ,Cast(Case when COALESCE(A.TMW_TagId_Name,'~')=COALESCE(B.licensePlate,'~') And COALESCE(A.TMW_TagId_Name,'~')=COALESCE(C.Tag_Name,'~') Then 'All Fields Match Samsara'\n\t        Else 'Change Detected, Pushing Update' End as varchar(4000)) as Update_Comment\n      ,B.name as samsara_name\n      ,B.ID as samsara_id\n      ,B.serial as samsara_serial\n      ,B.vin as samsara_vin\n      ,B.make as samsara_make\n      ,B.model as samsara_model\n      ,B.licensePlate as Samsara_LicensePlate\n      ,C.Tag_Name as Samsara_TagId_Name\n      ,C.Tag_ID  as Samsara_TagId\n  FROM [IntegrationsDEV].[dbo].[Samsara_TMW_Vehicle_PSA] A\n  Inner Join Vehicle_STG B on A.[TMW_Name]=B.name \n  Left Join Vehicle_Tag_STG C on  A.[TMW_Name]=C.name and COALESCE(A.[TMW_TagId_Name],'~')=COALESCE(C.Tag_Name,'~')\n  Left Join Tag_STG on A.[TMW_TagId_Name]=Tag_STG.Tag_name","commandType":0,"isFileList":false,"handleSpecialChars":false,"handleDecimalRoundOff":false,"frsAsset":false,"dynamicFileName":false,"excludeDynamicFileNameField":false,"currentlyProcessedFileName":false,"retainFieldMetadata":false,"objectName":"DUMMY_src_VehicleData","useExactSrcNames":false,"userUpdated":true,"tgtObjectAttributes":{},"runtimeParameterData":{"@type":"mtTaskRuntimeParameterData","isConnectionRuntimeParameter":false,"isObjectRuntimeParameter":false},"overridableProperties":[],"overriddenFields":[]},{"@type":"mtTaskParameter","id":30206073,"name":"$tgt_Samsara_TMW_Vehicle_PSA$","type":"TARGET","label":"tgt_Samsara_TMW_Vehicle_PSA","uiProperties":{"connectionParameterized":"false","objectParameterized":"false","visible":"false","flags":"SUPPORTS_MULTI_SCHEMA","defaultTargetUpdateColumns":"REC_ID","supportApplyDDLChanges":"true","originalPath":"tgt_Samsara_TMW_Vehicle_PSA"},"targetConnectionId":"@5khwyexJX7Cj2UghwAqcKa","targetObject":"dbo/Samsara_TMW_Vehicle_PSA","targetObjectLabel":"Samsara_TMW_Vehicle_PSA","newFlatFile":false,"newObject":false,"showBusinessNames":false,"naturalOrder":true,"truncateTarget":false,"bulkApiDBTarget":false,"operationType":"Update","customFuncCfg":{"@type":"customFuncConfig","id":-1,"connections":[],"inputMap":[],"outputFields":[]},"targetRefsV2":{},"targetUpdateColumns":["REC_ID"],"fieldOrderList":[],"extendedObject":{"@type":"extendedObject","singleMode":true,"filters":[],"sortFields":[]},"runtimeAttrs":{},"isRESTModernSource":true,"commandType":0,"isFileList":false,"handleSpecialChars":false,"handleDecimalRoundOff":false,"frsAsset":false,"dynamicFileName":false,"excludeDynamicFileNameField":false,"currentlyProcessedFileName":false,"retainFieldMetadata":false,"objectName":"dbo/Samsara_TMW_Vehicle_PSA","objectLabel":"Samsara_TMW_Vehicle_PSA","useExactSrcNames":false,"userUpdated":true,"tgtObjectAttributes":{},"runtimeParameterData":{"@type":"mtTaskRuntimeParameterData","isConnectionRuntimeParameter":false,"isObjectRuntimeParameter":false},"overridableProperties":[],"dbSchema":"dbo","overriddenFields":[]}],"sequences":[],"inOutParameters":[],"connRuntimeAttrs":[]}]