[{"@type":"mappingTemplate","id":"@1","name":"MappingTestS3","description":"","autoExpireObject":false,"bundleVersion":"0","assetFrsGuid":"jn3MZcIYm44jdXFWy6mwOE","templateId":"@3","hasParameters":false,"valid":false,"fixedConnection":true,"hasParametersDeployed":false,"fixedConnectionDeployed":false,"isSchemaValidationEnabled":false,"tasks":0,"mappingPreviewFileRecordId":"@2","documentType":"MAPPING","allowMaxFieldLength":false,"specialCharacterSupport":false,"references":[{"@type":"reference","refObjectId":"@0DqDYQ5j7wrjBSFyt1Oau9","refType":"connection"}]}]