[{"@type":"mappingTemplate","id":"@1","name":"QueryTestMapping","description":"","autoExpireObject":false,"bundleVersion":"0","assetFrsGuid":"59hqYoDXQwgfRP0M7h1LcE","templateId":"@3","deployTime":1751044934000,"hasParameters":true,"valid":true,"fixedConnection":true,"hasParametersDeployed":true,"fixedConnectionDeployed":true,"isSchemaValidationEnabled":false,"tasks":1,"mappingPreviewFileRecordId":"@2","documentType":"MAPPING","allowMaxFieldLength":false,"specialCharacterSupport":false,"references":[{"@type":"reference","refObjectId":"@aPCkpndCsORe7V5RuvKxWG","refType":"connection"},{"@type":"reference","refObjectId":"@8UMGeSqK4kjk2swhcPTzU4","refType":"connection"},{"@type":"reference","refObjectId":"@8Fj09pELEsplURfDu9vgoO","refType":"connection"}]}]