[{"@type":"mappingTemplate","id":"@1","name":"Mapping16","description":"","autoExpireObject":false,"bundleVersion":"0","assetFrsGuid":"loRXANk4nKhcEKdtEFpF0P","templateId":"@3","deployTime":1749766212000,"hasParameters":false,"valid":true,"fixedConnection":true,"hasParametersDeployed":false,"fixedConnectionDeployed":true,"isSchemaValidationEnabled":false,"tasks":1,"mappingPreviewFileRecordId":"@2","documentType":"MAPPING","allowMaxFieldLength":false,"specialCharacterSupport":false,"references":[{"@type":"reference","refObjectId":"@9F8mgx3WNy1iWwCQWVBOSW","refType":"connection"}]}]