[{"@type":"mappingTemplate","id":"@1","name":"Java_Transformation","description":"","autoExpireObject":false,"bundleVersion":"0","assetFrsGuid":"fxf8F1Hkn0jfweM6FY4ECU","templateId":"@3","deployTime":1750183095000,"hasParameters":false,"valid":true,"fixedConnection":true,"hasParametersDeployed":false,"fixedConnectionDeployed":true,"isSchemaValidationEnabled":false,"tasks":1,"mappingPreviewFileRecordId":"@2","documentType":"MAPPING","allowMaxFieldLength":false,"specialCharacterSupport":false,"references":[{"@type":"reference","refObjectId":"@aPCkpndCsORe7V5RuvKxWG","refType":"connection"}]}]